Date Time,Pressure,X,N,R 
7/18/26 0:00,1015.4,0,0,0
7/18/26 1:00,1014.9,0,0,0
7/18/26 2:00,1014.4,0,0,0
7/18/26 3:00,1014.3,0,0,0
7/18/26 4:00,1014.3,0,0,0
7/18/26 5:00,1014.4,0,0,0
7/18/26 6:00,1015,0,0,0
7/18/26 7:00,1015.7,0,0,0
7/18/26 8:00,1015.9,0,0,0
7/18/26 9:00,1016,0,0,0
7/18/26 10:00,1015.8,0,0,0
7/18/26 11:00,1015.5,0,0,0
7/18/26 12:00,1015.2,0,0,0
7/18/26 13:00,1014.9,0,0,0
7/18/26 14:00,1015.1,0,0,0
7/18/26 15:00,1015,0,0,0
7/18/26 16:00,1015.1,0,0,0
7/18/26 17:00,1015.9,0,0,0
7/18/26 18:00,1016.3,0,0,0
7/18/26 19:00,1016.6,0,0,0
7/18/26 20:00,1016.7,0,0,0
7/18/26 21:00,1016.5,0,0,0
7/18/26 22:00,1016.2,0,0,0
7/18/26 23:00,1015.9,0,0,0
7/19/26 0:00,1015.7,0,0,0
7/19/26 1:00,1015.1,0,0,0
7/19/26 2:00,1014.9,0,0,0
7/19/26 3:00,1014.7,0,0,0
7/19/26 4:00,1014.7,0,0,0
7/19/26 5:00,1014.9,0,0,0
7/19/26 6:00,1015.7,0,0,0
7/19/26 7:00,1016.6,0,0,0
7/19/26 8:00,1017.2,0,0,0
7/19/26 9:00,1017.3,0,0,0
7/19/26 10:00,1016.8,0,0,0
7/19/26 11:00,1016.5,0,0,0
7/19/26 12:00,1016,0,0,0
7/19/26 13:00,1015.8,0,0,0
7/19/26 14:00,1015.4,0,0,0
7/19/26 15:00,1015.1,0,0,0
7/19/26 16:00,1015.5,0,0,0
7/19/26 17:00,1016.2,0,0,0
7/19/26 18:00,1016.5,0,0,0
7/19/26 19:00,1016.3,0,0,0
7/19/26 20:00,1016.2,0,0,0
7/19/26 21:00,1016,0,0,0
7/19/26 22:00,1015.4,0,0,0
7/19/26 23:00,1014.7,0,0,0
7/20/26 0:00,1014.2,0,0,0
7/20/26 1:00,1014,0,0,0
7/20/26 2:00,1014,0,0,0
7/20/26 3:00,1014,0,0,0
7/20/26 4:00,1014.3,0,0,0
7/20/26 5:00,1014.7,0,0,0
7/20/26 6:00,1015.3,0,0,0
7/20/26 7:00,1015.7,0,0,0
7/20/26 8:00,1016,0,0,0
7/20/26 9:00,1016.3,0,0,0
7/20/26 10:00,1015.9,0,0,0
7/20/26 11:00,1015.1,0,0,0
7/20/26 12:00,1014.6,0,0,0
7/20/26 13:00,1014.4,0,0,0
7/20/26 14:00,1014.2,0,0,0
7/20/26 15:00,1014.2,0,0,0
7/20/26 16:00,1014.3,0,0,0
7/20/26 17:00,1014.7,0,0,0
7/20/26 18:00,1014.8,0,0,0
7/20/26 19:00,1015.1,0,0,0
7/20/26 20:00,1015.4,0,0,0
7/20/26 21:00,1015.1,0,0,0
7/20/26 22:00,1014.4,0,0,0
7/20/26 23:00,1013.6,0,0,0
7/21/26 0:00,1013.1,0,0,0
7/21/26 1:00,1012.5,0,0,0
7/21/26 2:00,1012.2,0,0,0
7/21/26 3:00,1012.1,0,0,0
7/21/26 4:00,1012.3,0,0,0
7/21/26 5:00,1012.8,0,0,0
7/21/26 6:00,1013.3,0,0,0
7/21/26 7:00,1014.1,0,0,0
7/21/26 8:00,1014.4,0,0,0
7/21/26 9:00,1014.7,0,0,0
7/21/26 10:00,1014.4,0,0,0
7/21/26 11:00,1013.9,0,0,0
7/21/26 12:00,1013.3,0,0,0
7/21/26 13:00,1013.2,0,0,0
7/21/26 14:00,1012.9,0,0,0
7/21/26 15:00,1013.2,0,0,0
7/21/26 16:00,1013,0,0,0
7/21/26 17:00,1013.5,0,0,0
7/21/26 18:00,1013.9,0,0,0
7/21/26 19:00,1014,0,0,0
7/21/26 20:00,1014.2,0,0,0
7/21/26 21:00,1013.9,0,0,0
7/21/26 22:00,1013.5,0,0,0
7/21/26 23:00,1013.1,0,0,0
7/22/26 0:00,1012.9,0,0,0
7/22/26 1:00,1012.7,0,0,0
7/22/26 2:00,1012.4,0,0,0
7/22/26 3:00,1012.4,0,0,0
7/22/26 4:00,1012.7,0,0,0
7/22/26 5:00,1013.1,0,0,0
7/22/26 6:00,1013.5,0,0,0
7/22/26 7:00,1014,0,0,0
7/22/26 8:00,1014.5,0,0,0
7/22/26 9:00,1014.8,0,0,0
7/22/26 10:00,1014.3,0,0,0
7/22/26 11:00,1014,0,0,0
7/22/26 12:00,1013.5,0,0,0
7/22/26 13:00,1013.4,0,0,0
7/22/26 14:00,1013.4,0,0,0
7/22/26 15:00,1013.8,0,0,0
7/22/26 16:00,1014.3,0,0,0
7/22/26 17:00,1014.9,0,0,0
7/22/26 18:00,1015.3,0,0,0
7/22/26 19:00,1015.4,0,0,0
7/22/26 20:00,1015.5,0,0,0
7/22/26 21:00,1015.4,0,0,0
7/22/26 22:00,1015.3,0,0,0
7/22/26 23:00,1014.9,0,0,0
7/23/26 0:00,1014.4,0,0,0
7/23/26 1:00,1014,0,0,0
7/23/26 2:00,1014,0,0,0
7/23/26 3:00,1013.9,0,0,0
7/23/26 4:00,1014.3,0,0,0
7/23/26 5:00,1014.8,0,0,0
7/23/26 6:00,1015.2,0,0,0
7/23/26 7:00,1015.9,0,0,0
7/23/26 8:00,1016.5,0,0,0
7/23/26 9:00,1016.6,0,0,0
7/23/26 10:00,1016.2,0,0,0
7/23/26 11:00,1015.8,0,0,0
7/23/26 12:00,1015.3,0,0,0
7/23/26 13:00,1015.2,0,0,0
7/23/26 14:00,1015.2,0,0,0
7/23/26 15:00,1015.6,0,0,0
7/23/26 16:00,1016.1,0,0,0
7/23/26 17:00,1016.4,0,0,0
7/23/26 18:00,1016.8,0,0,0
7/23/26 19:00,1016.7,0,0,0
7/23/26 20:00,1016.7,0,0,0
7/23/26 21:00,1016.4,0,0,0
7/23/26 22:00,1016.4,0,0,0
7/23/26 23:00,1015.9,0,0,0
7/24/26 0:00,1015.6,0,0,0
7/24/26 1:00,1015.5,0,0,0
7/24/26 2:00,1015.4,0,0,0
7/24/26 3:00,1015.7,0,0,0
7/24/26 4:00,1016.1,0,0,0
7/24/26 5:00,1016.6,0,0,0
7/24/26 6:00,1017.1,0,0,0
7/24/26 7:00,1017.8,0,0,0
7/24/26 8:00,1018.1,0,0,0
7/24/26 9:00,1018.4,0,0,0
7/24/26 10:00,1018,0,0,0
7/24/26 11:00,1017.8,0,0,0
7/24/26 12:00,1017.3,0,0,0
7/24/26 13:00,1016.8,0,0,0
7/24/26 14:00,1016.5,0,0,0
7/24/26 15:00,1016.3,0,0,0
7/24/26 16:00,1016.6,0,0,0
7/24/26 17:00,1017.1,0,0,0
7/24/26 18:00,1017.4,0,0,0
7/24/26 19:00,1017.2,0,0,0
7/24/26 20:00,1017.2,0,0,0
7/24/26 21:00,1017.1,0,0,0
7/24/26 22:00,1017.2,0,0,0
7/24/26 23:00,1016.7,0,0,0
7/25/26 0:00,1016.2,0,0,0
7/25/26 1:00,1015.7,0,0,0
7/25/26 2:00,1015.3,0,0,0
7/25/26 3:00,1015.3,0,0,0
7/25/26 4:00,1015.6,0,0,0
7/25/26 5:00,1016.1,0,0,0
7/25/26 6:00,1016.7,0,0,0
7/25/26 7:00,1017.4,0,0,0
7/25/26 8:00,1017.5,0,0,0
7/25/26 9:00,1017.8,0,0,0
7/25/26 10:00,1017.7,0,0,0
7/25/26 11:00,1017.3,0,0,0
7/25/26 12:00,1016.5,0,0,0
7/25/26 13:00,1016,0,0,0
7/25/26 14:00,1016.1,0,0,0
7/25/26 15:00,1016.2,0,0,0
7/25/26 16:00,1016.3,0,0,0
7/25/26 17:00,1016.8,0,0,0
7/25/26 18:00,1017.3,0,0,0
7/25/26 19:00,1017.5,0,0,0
7/25/26 20:00,1017.9,0,0,0
7/25/26 21:00,1017.5,0,0,0
7/25/26 22:00,1016.9,0,0,0
7/25/26 23:00,1016.1,0,0,0
7/26/26 0:00,1015.7,0,0,0
7/26/26 1:00,1015.4,0,0,0
7/26/26 2:00,1015.3,0,0,0
7/26/26 3:00,1015.2,0,0,0
7/26/26 4:00,1015.1,0,0,0
7/26/26 5:00,1015.5,0,0,0
7/26/26 6:00,1016.2,0,0,0
7/26/26 7:00,1016.6,0,0,0
7/26/26 8:00,1017.1,0,0,0
7/26/26 9:00,1017.2,0,0,0
7/26/26 10:00,1017.1,0,0,0
7/26/26 11:00,1016.8,0,0,0
7/26/26 12:00,1016.3,0,0,0
7/26/26 13:00,1016.1,0,0,0
7/26/26 14:00,1016,0,0,0
7/26/26 15:00,1016,0,0,0
7/26/26 16:00,1016.4,0,0,0
7/26/26 17:00,1016.7,0,0,0
7/26/26 18:00,1017.1,0,0,0
7/26/26 19:00,1017.3,0,0,0
7/26/26 20:00,1017,0,0,0
7/26/26 21:00,1016.5,0,0,0
7/26/26 22:00,1016.2,0,0,0
7/26/26 23:00,1015.8,0,0,0
7/27/26 0:00,1015.9,0,0,0
7/27/26 1:00,1015.7,0,0,0
7/27/26 2:00,1015.2,0,0,0
7/27/26 3:00,1015.2,0,0,0
7/27/26 4:00,1015.4,0,0,0
7/27/26 5:00,1015.5,0,0,0
7/27/26 6:00,1015.9,0,0,0
7/27/26 7:00,1016.4,0,0,0
7/27/26 8:00,1016.7,0,0,0
7/27/26 9:00,1017.1,0,0,0
7/27/26 10:00,1016.8,0,0,0
7/27/26 11:00,1016.2,0,0,0
7/27/26 12:00,1015.4,0,0,0
7/27/26 13:00,1015.2,0,0,0
7/27/26 14:00,1015,0,0,0
7/27/26 15:00,1015.1,0,0,0
7/27/26 16:00,1015.3,0,0,0
7/27/26 17:00,1015.6,0,0,0
7/27/26 18:00,1016,0,0,0
7/27/26 19:00,1016.1,0,0,0
7/27/26 20:00,1016,0,0,0
7/27/26 21:00,1016.1,0,0,0
7/27/26 22:00,1015.8,0,0,0
7/27/26 23:00,1015.4,0,0,0
7/28/26 0:00,1014.8,0,0,0
7/28/26 1:00,1014.4,0,0,0
7/28/26 2:00,1014.2,0,0,0
7/28/26 3:00,1013.9,0,0,0
7/28/26 4:00,1013.8,0,0,0
7/28/26 5:00,1014.2,0,0,0
7/28/26 6:00,1014.6,0,0,0
7/28/26 7:00,1014.9,0,0,0
7/28/26 8:00,1015.3,0,0,0
7/28/26 9:00,1015.2,0,0,0
7/28/26 10:00,1014.8,0,0,0
7/28/26 11:00,1014.4,0,0,0
7/28/26 12:00,1014.2,0,0,0
7/28/26 13:00,1014,0,0,0
7/28/26 14:00,1013.8,0,0,0
7/28/26 15:00,1013.9,0,0,0
7/28/26 16:00,1013.7,0,0,0
7/28/26 17:00,1014.2,0,0,0
7/28/26 18:00,1014.8,0,0,0
7/28/26 19:00,1015,0,0,0
7/28/26 20:00,1015.4,0,0,0
7/28/26 21:00,1015.1,0,0,0
7/28/26 22:00,1014.8,0,0,0
7/28/26 23:00,1013.9,0,0,0
7/29/26 0:00,1013.4,0,0,0
7/29/26 1:00,1012.7,0,0,0
7/29/26 2:00,1012.7,0,0,0
7/29/26 3:00,1012.4,0,0,0
7/29/26 4:00,1012.4,0,0,0
7/29/26 5:00,1012.6,0,0,0
7/29/26 6:00,1013.3,0,0,0
7/29/26 7:00,1013.9,0,0,0
7/29/26 8:00,1014.6,0,0,0
7/29/26 9:00,1014.8,0,0,0
7/29/26 10:00,1014.6,0,0,0
7/29/26 11:00,1014.2,0,0,0
7/29/26 12:00,1013.7,0,0,0
7/29/26 13:00,1013.4,0,0,0
7/29/26 14:00,1013.1,0,0,0
7/29/26 15:00,1013.1,0,0,0
7/29/26 16:00,1013.1,0,0,0
7/29/26 17:00,1013.6,0,0,0
7/29/26 18:00,1013.9,0,0,0
7/29/26 19:00,1014.3,0,0,0
7/29/26 20:00,1014.1,0,0,0
7/29/26 21:00,1014,0,0,0
7/29/26 22:00,1013.6,0,0,0
7/29/26 23:00,1013.3,0,0,0
7/30/26 0:00,1013,0,0,0
7/30/26 1:00,1012.1,0,0,0
7/30/26 2:00,1011.6,0,0,0
7/30/26 3:00,1011.7,0,0,0
7/30/26 4:00,1011.9,0,0,0
7/30/26 5:00,1012.5,0,0,0
7/30/26 6:00,1013.1,0,0,0
7/30/26 7:00,1013.9,0,0,0
7/30/26 8:00,1014.4,0,0,0
7/30/26 9:00,1014.5,0,0,0
7/30/26 10:00,1014.4,0,0,0
7/30/26 11:00,1014.1,0,0,0
7/30/26 12:00,1013.7,0,0,0
7/30/26 13:00,1013.4,0,0,0
7/30/26 14:00,1013.7,0,0,0
7/30/26 15:00,1013.9,0,0,0
7/30/26 16:00,1014,0,0,0
7/30/26 17:00,1014.5,0,0,0
7/30/26 18:00,1014.9,0,0,0
7/30/26 19:00,1015.1,0,0,0
7/30/26 20:00,1015.1,0,0,0
7/30/26 21:00,1015.1,0,0,0
7/30/26 22:00,1014.8,0,0,0
7/30/26 23:00,1014.4,0,0,0
7/31/26 0:00,1014.2,0,0,0
7/31/26 1:00,1014,0,0,0
7/31/26 2:00,1013.8,0,0,0
7/31/26 3:00,1014,0,0,0
7/31/26 4:00,1014.4,0,0,0
7/31/26 5:00,1014.9,0,0,0
7/31/26 6:00,1015.4,0,0,0
7/31/26 7:00,1016.3,0,0,0
7/31/26 8:00,1016.8,0,0,0
7/31/26 9:00,1017,0,0,0
7/31/26 10:00,1016.6,0,0,0
7/31/26 11:00,1016.4,0,0,0
7/31/26 12:00,1015.9,0,0,0
7/31/26 13:00,1015.8,0,0,0
7/31/26 14:00,1015.9,0,0,0
7/31/26 15:00,1016,0,0,0
7/31/26 16:00,1016.1,0,0,0
7/31/26 17:00,1016.9,0,0,0
7/31/26 18:00,1017.5,0,0,0
7/31/26 19:00,1017.5,0,0,0
7/31/26 20:00,1017.8,0,0,0
7/31/26 21:00,1017.6,0,0,0
7/31/26 22:00,1017.2,0,0,0
7/31/26 23:00,1016.7,0,0,0
8/1/26 0:00,1016.3,0,0,0
8/1/26 1:00,1016.1,0,0,0
8/1/26 2:00,1015.8,0,0,0
8/1/26 3:00,1015.4,0,0,0
8/1/26 4:00,1015.6,0,0,0
8/1/26 5:00,1016.2,0,0,0
8/1/26 6:00,1016.5,0,0,0
8/1/26 7:00,1017.1,0,0,0
8/1/26 8:00,1017.4,0,0,0
8/1/26 9:00,1017.9,0,0,0
8/1/26 10:00,1017.9,0,0,0
8/1/26 11:00,1017.4,0,0,0
8/1/26 12:00,1017,0,0,0
8/1/26 13:00,1016.8,0,0,0
8/1/26 14:00,1016.7,0,0,0
8/1/26 15:00,1016.9,0,0,0
8/1/26 16:00,1017.1,0,0,0
8/1/26 17:00,1017.9,0,0,0
8/1/26 18:00,1018.2,0,0,0
8/1/26 19:00,1018.2,0,0,0
8/1/26 20:00,1018.3,0,0,0
8/1/26 21:00,1018.4,0,0,0
8/1/26 22:00,1017.9,0,0,0
8/1/26 23:00,1017.6,0,0,0
8/2/26 0:00,1017,0,0,0
8/2/26 1:00,1016.8,0,0,0
8/2/26 2:00,1016.5,0,0,0
8/2/26 3:00,1016.3,0,0,0
8/2/26 4:00,1016.5,0,0,0
8/2/26 5:00,1017,0,0,0
8/2/26 6:00,1017.2,0,0,0
8/2/26 7:00,1017.7,0,0,0
8/2/26 8:00,1018.1,0,0,0
8/2/26 9:00,1018.3,0,0,0
8/2/26 10:00,1018.1,0,0,0
8/2/26 11:00,1018.2,0,0,0
8/2/26 12:00,1017.8,0,0,0
8/2/26 13:00,1017.5,0,0,0
8/2/26 14:00,1017.5,0,0,0
8/2/26 15:00,1017.6,0,0,0
8/2/26 16:00,1017.8,0,0,0
8/2/26 17:00,1018.1,0,0,0
8/2/26 18:00,1018.3,0,0,0
8/2/26 19:00,1018.2,0,0,0
8/2/26 20:00,1018,0,0,0
8/2/26 21:00,1017.8,0,0,0
8/2/26 22:00,1017.5,0,0,0
8/2/26 23:00,1016.6,0,0,0
8/3/26 0:00,1016.6,0,0,0
8/3/26 1:00,1016,0,0,0
8/3/26 2:00,1015.8,0,0,0
8/3/26 3:00,1015.5,0,0,0
8/3/26 4:00,1015.5,0,0,0
8/3/26 5:00,1015.9,0,0,0
8/3/26 6:00,1016.3,0,0,0
8/3/26 7:00,1016.7,0,0,0
8/3/26 8:00,1017.2,0,0,0
8/3/26 9:00,1017.3,0,0,0
8/3/26 10:00,1016.8,0,0,0
8/3/26 11:00,1016.8,0,0,0
8/3/26 12:00,1016.1,0,0,0
8/3/26 13:00,1015.4,0,0,0
8/3/26 14:00,1015.1,0,0,0
8/3/26 15:00,1015.5,0,0,0
8/3/26 16:00,1015.8,0,0,0
8/3/26 17:00,1015.9,0,0,0
8/3/26 18:00,1016.2,0,0,0
8/3/26 19:00,1016.1,0,0,0
8/3/26 20:00,1016.2,0,0,0
8/3/26 21:00,1016,0,0,0
8/3/26 22:00,1015.4,0,0,0
8/3/26 23:00,1014.9,0,0,0
8/4/26 0:00,1014.5,0,0,0
8/4/26 1:00,1013.6,0,0,0
8/4/26 2:00,1013.4,0,0,0
8/4/26 3:00,1013.4,0,0,0
8/4/26 4:00,1013.6,0,0,0
8/4/26 5:00,1013.9,0,0,0
8/4/26 6:00,1014.4,0,0,0
8/4/26 7:00,1014.9,0,0,0
8/4/26 8:00,1015.3,0,0,0
8/4/26 9:00,1015.4,0,0,0
8/4/26 10:00,1014.8,0,0,0
8/4/26 11:00,1014.7,0,0,0
8/4/26 12:00,1014.2,0,0,0
8/4/26 13:00,1013.8,0,0,0
8/4/26 14:00,1013.7,0,0,0
8/4/26 15:00,1014.1,0,0,0
8/4/26 16:00,1014.6,0,0,0
8/4/26 17:00,1014.7,0,0,0
8/4/26 18:00,1015.3,0,0,0
8/4/26 19:00,1015.5,0,0,0
8/4/26 20:00,1015.4,0,0,0
8/4/26 21:00,1015.1,0,0,0
8/4/26 22:00,1014.7,0,0,0
8/4/26 23:00,1014,0,0,0
8/5/26 0:00,1013.5,0,0,0
8/5/26 1:00,1013.2,0,0,0
8/5/26 2:00,1013,0,0,0
8/5/26 3:00,1012.8,0,0,0
8/5/26 4:00,1013.1,0,0,0
8/5/26 5:00,1013.8,0,0,0
8/5/26 6:00,1014.5,0,0,0
8/5/26 7:00,1015,0,0,0
8/5/26 8:00,1015.4,0,0,0
8/5/26 9:00,1015.7,0,0,0
8/5/26 10:00,1015.5,0,0,0
8/5/26 11:00,1015,0,0,0
8/5/26 12:00,1014.8,0,0,0
8/5/26 13:00,1014.5,0,0,0
8/5/26 14:00,1014.4,0,0,0
8/5/26 15:00,1014.6,0,0,0
8/5/26 16:00,1014.7,0,0,0
8/5/26 17:00,1015.4,0,0,0
8/5/26 18:00,1015.8,0,0,0
8/5/26 19:00,1015.9,0,0,0
8/5/26 20:00,1015.9,0,0,0
8/5/26 21:00,1015.7,0,0,0
8/5/26 22:00,1015.2,0,0,0
8/5/26 23:00,1014.4,0,0,0
8/6/26 0:00,1013.7,0,0,0
8/6/26 1:00,1013.3,0,0,0
8/6/26 2:00,1013.5,0,0,0
8/6/26 3:00,1013.4,0,0,0
8/6/26 4:00,1014,0,0,0
8/6/26 5:00,1014.4,0,0,0
8/6/26 6:00,1015,0,0,0
8/6/26 7:00,1015.5,0,0,0
8/6/26 8:00,1015.8,0,0,0
8/6/26 9:00,1015.8,0,0,0
8/6/26 10:00,1015.1,0,0,0
8/6/26 11:00,1015.7,0,0,0
8/6/26 12:00,1014.9,0,0,0
8/6/26 13:00,1014.9,0,0,0
8/6/26 14:00,1014.6,0,0,0
8/6/26 15:00,1014.7,0,0,0
8/6/26 16:00,1015.1,0,0,0
8/6/26 17:00,1015.4,0,0,0
8/6/26 18:00,1015.3,0,0,0
8/6/26 19:00,1015.8,0,0,0
8/6/26 20:00,1016,0,0,0
8/6/26 21:00,1015.2,0,0,0
8/6/26 22:00,1015.3,0,0,0
8/6/26 23:00,1014.8,0,0,0
8/7/26 0:00,1014.2,0,0,0
8/7/26 1:00,1013.8,0,0,0
8/7/26 2:00,1013.7,0,0,0
8/7/26 3:00,1013.6,0,0,0
8/7/26 4:00,1014,0,0,0
8/7/26 5:00,1014.7,0,0,0
8/7/26 6:00,1015.4,0,0,0
8/7/26 7:00,1015.8,0,0,0
8/7/26 8:00,1015.9,0,0,0
8/7/26 9:00,1016,0,0,0
8/7/26 10:00,1015.7,0,0,0
8/7/26 11:00,1015.2,0,0,0
8/7/26 12:00,1014.8,0,0,0
8/7/26 13:00,1014.7,0,0,0
8/7/26 14:00,1014.6,0,0,0
8/7/26 15:00,1015,0,0,0
8/7/26 16:00,1015.4,0,0,0
8/7/26 17:00,1016.1,0,0,0
8/7/26 18:00,1016.6,0,0,0
8/7/26 19:00,1016.8,0,0,0
8/7/26 20:00,1016.7,0,0,0
8/7/26 21:00,1016.6,0,0,0
8/7/26 22:00,1016.3,0,0,0
8/7/26 23:00,1015.8,0,0,0
8/8/26 0:00,1015.1,0,0,0
8/8/26 1:00,1014.6,0,0,0
8/8/26 2:00,1014.4,0,0,0
8/8/26 3:00,1014.3,0,0,0
8/8/26 4:00,1014.6,0,0,0
8/8/26 5:00,1015.1,0,0,0
8/8/26 6:00,1015.6,0,0,0
8/8/26 7:00,1015.9,0,0,0
8/8/26 8:00,1016.4,0,0,0
8/8/26 9:00,1016.4,0,0,0
8/8/26 10:00,1016.1,0,0,0
8/8/26 11:00,1015.9,0,0,0
8/8/26 12:00,1015.4,0,0,0
8/8/26 13:00,1015.5,0,0,0
8/8/26 14:00,1015.6,0,0,0
8/8/26 15:00,1015.5,0,0,0
8/8/26 16:00,1015.7,0,0,0
8/8/26 17:00,1016.1,0,0,0
8/8/26 18:00,1016.4,0,0,0
8/8/26 19:00,1016.8,0,0,0
8/8/26 20:00,1016.8,0,0,0
8/8/26 21:00,1016.8,0,0,0
8/8/26 22:00,1016.4,0,0,0
8/8/26 23:00,1015.8,0,0,0
8/9/26 0:00,1015.4,0,0,0
8/9/26 1:00,1014.9,0,0,0
8/9/26 2:00,1014.7,0,0,0
8/9/26 3:00,1014.5,0,0,0
8/9/26 4:00,1014.7,0,0,0
8/9/26 5:00,1015.4,0,0,0
8/9/26 6:00,1016,0,0,0
8/9/26 7:00,1016.4,0,0,0
8/9/26 8:00,1016.9,0,0,0
8/9/26 9:00,1016.7,0,0,0
8/9/26 10:00,1016.4,0,0,0
8/9/26 11:00,1015.9,0,0,0
8/9/26 12:00,1015.2,0,0,0
8/9/26 13:00,1014.8,0,0,0
8/9/26 14:00,1014.8,0,0,0
8/9/26 15:00,1015,0,0,0
8/9/26 16:00,1015.1,0,0,0
8/9/26 17:00,1015.8,0,0,0
8/9/26 18:00,1016.2,0,0,0
8/9/26 19:00,1016.4,0,0,0
8/9/26 20:00,1016.5,0,0,0
8/9/26 21:00,1016.3,0,0,0
8/9/26 22:00,1015.8,0,0,0
8/9/26 23:00,1015.3,0,0,0
8/10/26 0:00,1014.9,0,0,0
8/10/26 1:00,1014.4,0,0,0
8/10/26 2:00,1013.9,0,0,0
8/10/26 3:00,1014.3,0,0,0
8/10/26 4:00,1014.4,0,0,0
8/10/26 5:00,1014.8,0,0,0
8/10/26 6:00,1015.3,0,0,0
8/10/26 7:00,1015.8,0,0,0
8/10/26 8:00,1016.5,0,0,0
8/10/26 9:00,1016.5,0,0,0
8/10/26 10:00,1016,0,0,0
8/10/26 11:00,1015.4,0,0,0
8/10/26 12:00,1015,0,0,0
8/10/26 13:00,1014.6,0,0,0
8/10/26 14:00,1014.6,0,0,0
8/10/26 15:00,1014.5,0,0,0
8/10/26 16:00,1014.9,0,0,0
8/10/26 17:00,1015.3,0,0,0
8/10/26 18:00,1015.5,0,0,0
8/10/26 19:00,1015.7,0,0,0
8/10/26 20:00,1015.7,0,0,0
8/10/26 21:00,1015.2,0,0,0
8/10/26 22:00,1014.9,0,0,0
8/10/26 23:00,1014.3,0,0,0
8/11/26 0:00,1013.7,0,0,0
8/11/26 1:00,1013.3,0,0,0
8/11/26 2:00,1013,0,0,0
8/11/26 3:00,1012.9,0,0,0
8/11/26 4:00,1012.9,0,0,0
8/11/26 5:00,1013.4,0,0,0
8/11/26 6:00,1014.1,0,0,0
8/11/26 7:00,1014.6,0,0,0
8/11/26 8:00,1014.9,0,0,0
8/11/26 9:00,1014.9,0,0,0
8/11/26 10:00,1014.5,0,0,0
8/11/26 11:00,1014,0,0,0
8/11/26 12:00,1013.6,0,0,0
8/11/26 13:00,1013.2,0,0,0
8/11/26 14:00,1013.1,0,0,0
8/11/26 15:00,1013.4,0,0,0
8/11/26 16:00,1013.8,0,0,0
8/11/26 17:00,1014,0,0,0
8/11/26 18:00,1014.6,0,0,0
8/11/26 19:00,1014.8,0,0,0
8/11/26 20:00,1015,0,0,0
8/11/26 21:00,1014.9,0,0,0
8/11/26 22:00,1014.8,0,0,0
8/11/26 23:00,1014.3,0,0,0
8/12/26 0:00,1014.1,0,0,0
8/12/26 1:00,1013.7,0,0,0
8/12/26 2:00,1013.1,0,0,0
8/12/26 3:00,1012.9,0,0,0
8/12/26 4:00,1013.2,0,0,0
8/12/26 5:00,1013.6,0,0,0
8/12/26 6:00,1014.3,0,0,0
8/12/26 7:00,1014.8,0,0,0
8/12/26 8:00,1015.3,0,0,0
8/12/26 9:00,1015.5,0,0,0
8/12/26 10:00,1015.4,0,0,0
8/12/26 11:00,1015.2,0,0,0
8/12/26 12:00,1014.9,0,0,0
8/12/26 13:00,1014.6,0,0,0
8/12/26 14:00,1014.4,0,0,0
8/12/26 15:00,1014.4,0,0,0
8/12/26 16:00,1014.4,0,0,0
8/12/26 17:00,1014.6,0,0,0
8/12/26 18:00,1015.3,0,0,0
8/12/26 19:00,1015.5,0,0,0
8/12/26 20:00,1015.7,0,0,0
8/12/26 21:00,1015.4,0,0,0
8/12/26 22:00,1015.1,0,0,0
8/12/26 23:00,1014.7,0,0,0
8/13/26 0:00,1014.2,0,0,0
8/13/26 1:00,1013.6,0,0,0
8/13/26 2:00,1013.5,0,0,0
8/13/26 3:00,1013.4,0,0,0
8/13/26 4:00,1013.4,0,0,0
8/13/26 5:00,1013.7,0,0,0
8/13/26 6:00,1014,0,0,0
8/13/26 7:00,1014.8,0,0,0
8/13/26 8:00,1015.2,0,0,0
8/13/26 9:00,1015.4,0,0,0
8/13/26 10:00,1015.4,0,0,0
8/13/26 11:00,1015.6,0,0,0
8/13/26 12:00,1015,0,0,0
8/13/26 13:00,1014.6,0,0,0
8/13/26 14:00,1014.3,0,0,0
8/13/26 15:00,1014.3,0,0,0
8/13/26 16:00,1014.5,0,0,0
8/13/26 17:00,1014.6,0,0,0
8/13/26 18:00,1014.7,0,0,0
8/13/26 19:00,1014.8,0,0,0
8/13/26 20:00,1015,0,0,0
8/13/26 21:00,1014.6,0,0,0
8/13/26 22:00,1014.1,0,0,0
8/13/26 23:00,1013.4,0,0,0
8/14/26 0:00,1012.8,0,0,0
8/14/26 1:00,1012.4,0,0,0
8/14/26 2:00,1012.3,0,0,0
8/14/26 3:00,1012.2,0,0,0
8/14/26 4:00,1012.5,0,0,0
8/14/26 5:00,1012.8,0,0,0
8/14/26 6:00,1013.6,0,0,0
8/14/26 7:00,1014,0,0,0
8/14/26 8:00,1014.2,0,0,0
8/14/26 9:00,1014.3,0,0,0
8/14/26 10:00,1014,0,0,0
8/14/26 11:00,1013.6,0,0,0
8/14/26 12:00,1013.2,0,0,0
8/14/26 13:00,1013,0,0,0
8/14/26 14:00,1012.8,0,0,0
8/14/26 15:00,1013,0,0,0
8/14/26 16:00,1013.5,0,0,0
8/14/26 17:00,1013.7,0,0,0
8/14/26 18:00,1014,0,0,0
8/14/26 19:00,1013.9,0,0,0
8/14/26 20:00,1013.8,0,0,0
8/14/26 21:00,1013.8,0,0,0
8/14/26 22:00,1013.5,0,0,0
8/14/26 23:00,1012.8,0,0,0
8/15/26 0:00,1012.3,0,0,0
8/15/26 1:00,1011.6,0,0,0
8/15/26 2:00,1011.3,0,0,0
8/15/26 3:00,1011.5,0,0,0
8/15/26 4:00,1011.9,0,0,0
8/15/26 5:00,1012.2,0,0,0
8/15/26 6:00,1013,0,0,0
8/15/26 7:00,1013.3,0,0,0
8/15/26 8:00,1013.5,0,0,0
8/15/26 9:00,1013.5,0,0,0
8/15/26 10:00,1013.1,0,0,0
8/15/26 11:00,1012.6,0,0,0
8/15/26 12:00,1011.9,0,0,0
8/15/26 13:00,1011.7,0,0,0
8/15/26 14:00,1011.3,0,0,0
8/15/26 15:00,1011.6,0,0,0
8/15/26 16:00,1011.3,0,0,0
8/15/26 17:00,1012.3,0,0,0
8/15/26 18:00,1012.2,0,0,0
8/15/26 19:00,1012.2,0,0,0
8/15/26 20:00,1011.7,0,0,0
8/15/26 21:00,1011.9,0,0,0
8/15/26 22:00,1011.5,0,0,0
8/15/26 23:00,1010.8,0,0,0
8/16/26 0:00,1009.8,0,0,0
8/16/26 1:00,1009.1,0,0,0
8/16/26 2:00,1008.6,0,0,0
8/16/26 3:00,1008.6,0,0,0
8/16/26 4:00,1008.1,0,0,0
8/16/26 5:00,1009.1,0,0,0
8/16/26 6:00,1009.4,0,0,0
8/16/26 7:00,1009.9,0,0,0
8/16/26 8:00,1009.9,0,0,0
8/16/26 9:00,1010.7,0,0,0
8/16/26 10:00,1009.7,0,0,0
8/16/26 11:00,1009.1,0,0,0
8/16/26 12:00,1007.2,0,0,0
8/16/26 13:00,1006.6,0,0,0
8/16/26 14:00,1005.2,0,0,0
8/16/26 15:00,1005.4,0,0,0
8/16/26 16:00,1005.5,0,0,0
8/16/26 17:00,1007.7,0,0,0
8/16/26 18:00,1009.5,0,0,0
8/16/26 19:00,1010.7,0,0,0
8/16/26 20:00,1011.2,0,0,0
8/16/26 21:00,1011.6,0,0,0
8/16/26 22:00,1011.7,0,0,0
8/16/26 23:00,1011.8,0,0,0
8/17/26 0:00,1011.3,0,0,0
8/17/26 1:00,1011.2,0,0,0
8/17/26 2:00,1011,0,0,0
8/17/26 3:00,1011.2,0,0,0
8/17/26 4:00,1011.7,0,0,0
8/17/26 5:00,1012.2,0,0,0
8/17/26 6:00,1012.7,0,0,0
8/17/26 7:00,1013.5,0,0,0
8/17/26 8:00,1013.7,0,0,0
8/17/26 9:00,1013.7,0,0,0
8/17/26 10:00,1013.3,0,0,0
8/17/26 11:00,1012.9,0,0,0
8/17/26 12:00,1012.8,0,0,0
8/17/26 13:00,1012.6,0,0,0
8/17/26 14:00,1012.5,0,0,0
8/17/26 15:00,1012.7,0,0,0
8/17/26 16:00,1013,0,0,0
8/17/26 17:00,1013.6,0,0,0
8/17/26 18:00,1014.1,0,0,0
8/17/26 19:00,1014.3,0,0,0
8/17/26 20:00,1014.3,0,0,0
8/17/26 21:00,1014.6,0,0,0
8/17/26 22:00,1014.4,0,0,0
8/17/26 23:00,1013.8,0,0,0
8/18/26 0:00,1013.2,0,0,0
8/18/26 1:00,1012.6,0,0,0
8/18/26 2:00,1012.3,0,0,0
8/18/26 3:00,1012.4,0,0,0
8/18/26 4:00,1012.6,0,0,0
8/18/26 5:00,1013.3,0,0,0
8/18/26 6:00,1013.9,0,0,0
8/18/26 7:00,1014.3,0,0,0
8/18/26 8:00,1014.9,0,0,0
8/18/26 9:00,1015,0,0,0
8/18/26 10:00,1014.8,0,0,0
8/18/26 11:00,1014.6,0,0,0
8/18/26 12:00,1013.8,0,0,0
8/18/26 13:00,1013.4,0,0,0
8/18/26 14:00,1013.5,0,0,0
8/18/26 15:00,1013.6,0,0,0
8/18/26 16:00,1014.1,0,0,0
8/18/26 17:00,1014.4,0,0,0
8/18/26 18:00,1014.7,0,0,0
8/18/26 19:00,1014.8,0,0,0
8/18/26 20:00,1015,0,0,0
8/18/26 21:00,1014.7,0,0,0
8/18/26 22:00,1014.3,0,0,0
8/18/26 23:00,1013.9,0,0,0
8/19/26 0:00,1013.7,0,0,0
8/19/26 1:00,1013.1,0,0,0
8/19/26 2:00,1013.3,0,0,0
8/19/26 3:00,1013.3,0,0,0
8/19/26 4:00,1013.5,0,0,0
8/19/26 5:00,1013.7,0,0,0
8/19/26 6:00,1014.3,0,0,0
8/19/26 7:00,1014.8,0,0,0
8/19/26 8:00,1015.2,0,0,0
8/19/26 9:00,1015.3,0,0,0
8/19/26 10:00,1014.7,0,0,0
8/19/26 11:00,1014.4,0,0,0
8/19/26 12:00,1013.8,0,0,0
8/19/26 13:00,1013.4,0,0,0
8/19/26 14:00,1013.5,0,0,0
8/19/26 15:00,1013.8,0,0,0
8/19/26 16:00,1014.3,0,0,0
8/19/26 17:00,1014.8,0,0,0
8/19/26 18:00,1015.3,0,0,0
8/19/26 19:00,1015.4,0,0,0
8/19/26 20:00,1015.6,0,0,0
8/19/26 21:00,1015.7,0,0,0
8/19/26 22:00,1015.2,0,0,0
8/19/26 23:00,1014.3,0,0,0
8/20/26 0:00,1013.9,0,0,0
8/20/26 1:00,1013.5,0,0,0
8/20/26 2:00,1013,0,0,0
8/20/26 3:00,1013.2,0,0,0
8/20/26 4:00,1013.3,0,0,0
8/20/26 5:00,1013.7,0,0,0
8/20/26 6:00,1014.4,0,0,0
8/20/26 7:00,1014.7,0,0,0
8/20/26 8:00,1015,0,0,0
8/20/26 9:00,1015,0,0,0
8/20/26 10:00,1014.6,0,0,0
8/20/26 11:00,1014.5,0,0,0
8/20/26 12:00,1014.3,0,0,0
8/20/26 13:00,1013.9,0,0,0
8/20/26 14:00,1013.9,0,0,0
8/20/26 15:00,1014.2,0,0,0
8/20/26 16:00,1014.7,0,0,0
8/20/26 17:00,1015.1,0,0,0
8/20/26 18:00,1015.7,0,0,0
8/20/26 19:00,1015.7,0,0,0
8/20/26 20:00,1015.5,0,0,0
8/20/26 21:00,1015.3,0,0,0
8/20/26 22:00,1015,0,0,0
8/20/26 23:00,1014.6,0,0,0
8/21/26 0:00,1014,0,0,0
8/21/26 1:00,1013.5,0,0,0
8/21/26 2:00,1013.1,0,0,0
8/21/26 3:00,1013,0,0,0
8/21/26 4:00,1013.5,0,0,0
8/21/26 5:00,1013.7,0,0,0
8/21/26 6:00,1014.2,0,0,0
8/21/26 7:00,1014.9,0,0,0
8/21/26 8:00,1015.4,0,0,0
8/21/26 9:00,1015.4,0,0,0
8/21/26 10:00,1015,0,0,0
8/21/26 11:00,1014.5,0,0,0
8/21/26 12:00,1013.9,0,0,0
8/21/26 13:00,1013.6,0,0,0
8/21/26 14:00,1013.8,0,0,0
8/21/26 15:00,1014.3,0,0,0
8/21/26 16:00,1014.6,0,0,0
8/21/26 17:00,1015.4,0,0,0
8/21/26 18:00,1015.9,0,0,0
8/21/26 19:00,1015.8,0,0,0
8/21/26 20:00,1015.9,0,0,0
8/21/26 21:00,1015.8,0,0,0
8/21/26 22:00,1015.3,0,0,0
8/21/26 23:00,1014.7,0,0,0
8/22/26 0:00,1014.3,0,0,0
8/22/26 1:00,1013.9,0,0,0
8/22/26 2:00,1013.5,0,0,0
8/22/26 3:00,1013.5,0,0,0
8/22/26 4:00,1013.9,0,0,0
8/22/26 5:00,1014.6,0,0,0
8/22/26 6:00,1015.2,0,0,0
8/22/26 7:00,1016.1,0,0,0
8/22/26 8:00,1016.5,0,0,0
8/22/26 9:00,1016.7,0,0,0
8/22/26 10:00,1016.7,0,0,0
8/22/26 11:00,1016.4,0,0,0
8/22/26 12:00,1015.8,0,0,0
8/22/26 13:00,1015.4,0,0,0
8/22/26 14:00,1015.3,0,0,0
8/22/26 15:00,1015.4,0,0,0
8/22/26 16:00,1015.4,0,0,0
8/22/26 17:00,1015.8,0,0,0
8/22/26 18:00,1016.1,0,0,0
8/22/26 19:00,1016.1,0,0,0
8/22/26 20:00,1016.5,0,0,0
8/22/26 21:00,1016.4,0,0,0
8/22/26 22:00,1015.7,0,0,0
8/22/26 23:00,1015.5,0,0,0
8/23/26 0:00,1015.2,0,0,0
8/23/26 1:00,1014.7,0,0,0
8/23/26 2:00,1014.2,0,0,0
8/23/26 3:00,1014.2,0,0,0
8/23/26 4:00,1014.6,0,0,0
8/23/26 5:00,1015.3,0,0,0
8/23/26 6:00,1015.7,0,0,0
8/23/26 7:00,1016.3,0,0,0
8/23/26 8:00,1017,0,0,0
8/23/26 9:00,1016.8,0,0,0
8/23/26 10:00,1016.1,0,0,0
8/23/26 11:00,1015.6,0,0,0
8/23/26 12:00,1014.9,0,0,0
8/23/26 13:00,1014.8,0,0,0
8/23/26 14:00,1014.5,0,0,0
8/23/26 15:00,1014.2,0,0,0
8/23/26 16:00,1014.9,0,0,0
8/23/26 17:00,1015.1,0,0,0
8/23/26 18:00,1015.3,0,0,0
8/23/26 19:00,1015.8,0,0,0
8/23/26 20:00,1016.4,0,0,0
8/23/26 21:00,1016.6,0,0,0
8/23/26 22:00,1016.3,0,0,0
8/23/26 23:00,1015.6,0,0,0
8/24/26 0:00,1015.2,0,0,0
8/24/26 1:00,1014.2,0,0,0
8/24/26 2:00,1013.7,0,0,0
8/24/26 3:00,1013.1,0,0,0
8/24/26 4:00,1013.5,0,0,0
8/24/26 5:00,1013.5,0,0,0
8/24/26 6:00,1014.2,0,0,0
8/24/26 7:00,1014.8,0,0,0
8/24/26 8:00,1014.9,0,0,0
8/24/26 9:00,1015.1,0,0,0
8/24/26 10:00,1014.7,0,0,0
8/24/26 11:00,1014,0,0,0
8/24/26 12:00,1013.3,0,0,0
8/24/26 13:00,1013.2,0,0,0
8/24/26 14:00,1012.8,0,0,0
8/24/26 15:00,1013.1,0,0,0
8/24/26 16:00,1013.3,0,0,0
8/24/26 17:00,1014,0,0,0
8/24/26 18:00,1014.1,0,0,0
8/24/26 19:00,1014.1,0,0,0
8/24/26 20:00,1014.4,0,0,0
8/24/26 21:00,1014.4,0,0,0
8/24/26 22:00,1014.3,0,0,0
8/24/26 23:00,1014.3,0,0,0
8/25/26 0:00,1014.4,0,0,0
8/25/26 1:00,1014.3,0,0,0
8/25/26 2:00,1014.2,0,0,0
8/25/26 3:00,1013.8,0,0,0
8/25/26 4:00,1014.3,0,0,0
8/25/26 5:00,1014.9,0,0,0
8/25/26 6:00,1015.7,0,0,0
8/25/26 7:00,1015.9,0,0,0
8/25/26 8:00,1016,0,0,0
8/25/26 9:00,1016,0,0,0
8/25/26 10:00,1015.7,0,0,0
8/25/26 11:00,1015.2,0,0,0
8/25/26 12:00,1014.8,0,0,0
8/25/26 13:00,1014.4,0,0,0
8/25/26 14:00,1014.1,0,0,0
8/25/26 15:00,1014.3,0,0,0
8/25/26 16:00,1014.6,0,0,0
8/25/26 17:00,1015.3,0,0,0
8/25/26 18:00,1015.8,0,0,0
8/25/26 19:00,1016,0,0,0
8/25/26 20:00,1016.4,0,0,0
8/25/26 21:00,1016,0,0,0
8/25/26 22:00,1015.4,0,0,0
8/25/26 23:00,1014.9,0,0,0
8/26/26 0:00,1014.6,0,0,0
8/26/26 1:00,1014.1,0,0,0
8/26/26 2:00,1014.1,0,0,0
8/26/26 3:00,1014,0,0,0
8/26/26 4:00,1014.3,0,0,0
8/26/26 5:00,1015.1,0,0,0
8/26/26 6:00,1015.8,0,0,0
8/26/26 7:00,1016.3,0,0,0
8/26/26 8:00,1016.7,0,0,0
8/26/26 9:00,1016.9,0,0,0
8/26/26 10:00,1016.9,0,0,0
8/26/26 11:00,1016.4,0,0,0
8/26/26 12:00,1015.8,0,0,0
8/26/26 13:00,1015.6,0,0,0
8/26/26 14:00,1015.2,0,0,0
8/26/26 15:00,1015,0,0,0
8/26/26 16:00,1015.4,0,0,0
8/26/26 17:00,1015.9,0,0,0
8/26/26 18:00,1016.5,0,0,0
8/26/26 19:00,1016.9,0,0,0
8/26/26 20:00,1016.8,0,0,0
8/26/26 21:00,1016.7,0,0,0
8/26/26 22:00,1016.4,0,0,0
8/26/26 23:00,1015.8,0,0,0
8/27/26 0:00,1015,0,0,0
8/27/26 1:00,1014.1,0,0,0
8/27/26 2:00,1013.8,0,0,0
8/27/26 3:00,1013.9,0,0,0
8/27/26 4:00,1014.4,0,0,0
8/27/26 5:00,1014.9,0,0,0
8/27/26 6:00,1015.4,0,0,0
8/27/26 7:00,1016,0,0,0
8/27/26 8:00,1016.2,0,0,0
8/27/26 9:00,1016.1,0,0,0
8/27/26 10:00,1015.8,0,0,0
8/27/26 11:00,1015.5,0,0,0
8/27/26 12:00,1015,0,0,0
8/27/26 13:00,1014.5,0,0,0
8/27/26 14:00,1014.3,0,0,0
8/27/26 15:00,1014.6,0,0,0
8/27/26 16:00,1014.8,0,0,0
8/27/26 17:00,1015.4,0,0,0
8/27/26 18:00,1015.5,0,0,0
8/27/26 19:00,1015.8,0,0,0
8/27/26 20:00,1015.8,0,0,0
8/27/26 21:00,1015.8,0,0,0
8/27/26 22:00,1015.4,0,0,0
8/27/26 23:00,1015.1,0,0,0
8/28/26 0:00,1014.4,0,0,0
8/28/26 1:00,1014,0,0,0
8/28/26 2:00,1013.8,0,0,0
8/28/26 3:00,1013.9,0,0,0
8/28/26 4:00,1013.9,0,0,0
8/28/26 5:00,1014.4,0,0,0
8/28/26 6:00,1014.7,0,0,0
8/28/26 7:00,1015.4,0,0,0
8/28/26 8:00,1015.6,0,0,0
8/28/26 9:00,1015.5,0,0,0
8/28/26 10:00,1015.4,0,0,0
8/28/26 11:00,1015.2,0,0,0
8/28/26 12:00,1014.6,0,0,0
8/28/26 13:00,1014.1,0,0,0
8/28/26 14:00,1013.8,0,0,0
8/28/26 15:00,1013.8,0,0,0
8/28/26 16:00,1014.1,0,0,0
8/28/26 17:00,1014.4,0,0,0
8/28/26 18:00,1014.9,0,0,0
8/28/26 19:00,1015.2,0,0,0
8/28/26 20:00,1015.2,0,0,0
8/28/26 21:00,1015.4,0,0,0
8/28/26 22:00,1015.1,0,0,0
8/28/26 23:00,1014.6,0,0,0
8/29/26 0:00,1014.2,0,0,0
8/29/26 1:00,1013.2,0,0,0
8/29/26 2:00,1013.2,0,0,0
8/29/26 3:00,1013.2,0,0,0
8/29/26 4:00,1013.2,0,0,0
8/29/26 5:00,1013.7,0,0,0
8/29/26 6:00,1014.2,0,0,0
8/29/26 7:00,1014.6,0,0,0
8/29/26 8:00,1015.1,0,0,0
8/29/26 9:00,1015.5,0,0,0
8/29/26 10:00,1015.3,0,0,0
8/29/26 11:00,1014.9,0,0,0
8/29/26 12:00,1014.7,0,0,0
8/29/26 13:00,1014.6,0,0,0
8/29/26 14:00,1014.5,0,0,0
8/29/26 15:00,1014.7,0,0,0
8/29/26 16:00,1014.9,0,0,0
8/29/26 17:00,1015.4,0,0,0
8/29/26 18:00,1015.7,0,0,0
8/29/26 19:00,1016.2,0,0,0
8/29/26 20:00,1016.4,0,0,0
8/29/26 21:00,1016.2,0,0,0
8/29/26 22:00,1015.8,0,0,0
8/29/26 23:00,1015.4,0,0,0
8/30/26 0:00,1014.6,0,0,0
8/30/26 1:00,1014.4,0,0,0
8/30/26 2:00,1014.2,0,0,0
8/30/26 3:00,1013.8,0,0,0
8/30/26 4:00,1014,0,0,0
8/30/26 5:00,1014.5,0,0,0
8/30/26 6:00,1015,0,0,0
8/30/26 7:00,1015.7,0,0,0
8/30/26 8:00,1016.4,0,0,0
8/30/26 9:00,1016.8,0,0,0
8/30/26 10:00,1016.4,0,0,0
8/30/26 11:00,1016,0,0,0
8/30/26 12:00,1015.5,0,0,0
8/30/26 13:00,1015.1,0,0,0
8/30/26 14:00,1015.2,0,0,0
8/30/26 15:00,1015.5,0,0,0
8/30/26 16:00,1016.1,0,0,0
8/30/26 17:00,1016.7,0,0,0
8/30/26 18:00,1017,0,0,0
8/30/26 19:00,1017.2,0,0,0
8/30/26 20:00,1017.5,0,0,0
8/30/26 21:00,1017.2,0,0,0
8/30/26 22:00,1017.4,0,0,0
8/30/26 23:00,1016.7,0,0,0
8/31/26 0:00,1015.7,0,0,0
8/31/26 1:00,1015.3,0,0,0
8/31/26 2:00,1014.9,0,0,0
8/31/26 3:00,1015,0,0,0
8/31/26 4:00,1015.1,0,0,0
8/31/26 5:00,1015.9,0,0,0
8/31/26 6:00,1016.7,0,0,0
8/31/26 7:00,1017.4,0,0,0
8/31/26 8:00,1017.5,0,0,0
8/31/26 9:00,1017.9,0,0,0
8/31/26 10:00,1017.3,0,0,0
8/31/26 11:00,1016.6,0,0,0
8/31/26 12:00,1015.9,0,0,0
8/31/26 13:00,1015.6,0,0,0
8/31/26 14:00,1015,0,0,0
8/31/26 15:00,1015.2,0,0,0
8/31/26 16:00,1015.5,0,0,0
8/31/26 17:00,1015.8,0,0,0
8/31/26 18:00,1016.3,0,0,0
8/31/26 19:00,1016.5,0,0,0
8/31/26 20:00,1016.8,0,0,0
8/31/26 21:00,1016.6,0,0,0
8/31/26 22:00,1016.2,0,0,0
8/31/26 23:00,1015.1,0,0,0
9/1/26 0:00,1014.5,0,0,0
9/1/26 1:00,1014,0,0,0
9/1/26 2:00,1013.6,0,0,0
9/1/26 3:00,1013.9,0,0,0
9/1/26 4:00,1014.3,0,0,0
9/1/26 5:00,1014.8,0,0,0
9/1/26 6:00,1015.4,0,0,0
9/1/26 7:00,1016.1,0,0,0
9/1/26 8:00,1016.7,0,0,0
9/1/26 9:00,1016.5,0,0,0
9/1/26 10:00,1015.8,0,0,0
9/1/26 11:00,1015.7,0,0,0
9/1/26 12:00,1015.1,0,0,0
9/1/26 13:00,1014.4,0,0,0
9/1/26 14:00,1014.5,0,0,0
9/1/26 15:00,1014.9,0,0,0
9/1/26 16:00,1015.1,0,0,0
9/1/26 17:00,1015.6,0,0,0
9/1/26 18:00,1016,0,0,0
9/1/26 19:00,1016.1,0,0,0
9/1/26 20:00,1016,0,0,0
9/1/26 21:00,1015.7,0,0,0
9/1/26 22:00,1015.2,0,0,0
9/1/26 23:00,1014.5,0,0,0
9/2/26 0:00,1014.1,0,0,0
9/2/26 1:00,1013.7,0,0,0
9/2/26 2:00,1013.5,0,0,0
9/2/26 3:00,1013.5,0,0,0
9/2/26 4:00,1013.7,0,0,0
9/2/26 5:00,1014,0,0,0
9/2/26 6:00,1014.5,0,0,0
9/2/26 7:00,1014.8,0,0,0
9/2/26 8:00,1015.1,0,0,0
9/2/26 9:00,1015,0,0,0
9/2/26 10:00,1014.5,0,0,0
9/2/26 11:00,1013.9,0,0,0
9/2/26 12:00,1013.5,0,0,0
9/2/26 13:00,1013.2,0,0,0
9/2/26 14:00,1013.2,0,0,0
9/2/26 15:00,1013.2,0,0,0
9/2/26 16:00,1013.5,0,0,0
9/2/26 17:00,1014,0,0,0
9/2/26 18:00,1014.7,0,0,0
9/2/26 19:00,1014.9,0,0,0
9/2/26 20:00,1014.7,0,0,0
9/2/26 21:00,1014.4,0,0,0
9/2/26 22:00,1013.9,0,0,0
9/2/26 23:00,1013.3,0,0,0
9/3/26 0:00,1012.7,0,0,0
9/3/26 1:00,1012.5,0,0,0
9/3/26 2:00,1012.6,0,0,0
9/3/26 3:00,1012.7,0,0,0
9/3/26 4:00,1013,0,0,0
9/3/26 5:00,1013.5,0,0,0
9/3/26 6:00,1014,0,0,0
9/3/26 7:00,1014.6,0,0,0
9/3/26 8:00,1015,0,0,0
9/3/26 9:00,1015,0,0,0
9/3/26 10:00,1014.7,0,0,0
9/3/26 11:00,1014.4,0,0,0
9/3/26 12:00,1013.8,0,0,0
9/3/26 13:00,1013.5,0,0,0
9/3/26 14:00,1013.4,0,0,0
9/3/26 15:00,1013.9,0,0,0
9/3/26 16:00,1014,0,0,0
9/3/26 17:00,1014.2,0,0,0
9/3/26 18:00,1014.5,0,0,0
9/3/26 19:00,1015,0,0,0
9/3/26 20:00,1014.5,0,0,0
9/3/26 21:00,1014.5,0,0,0
9/3/26 22:00,1013.8,0,0,0
9/3/26 23:00,1013.2,0,0,0
9/4/26 0:00,1012.3,0,0,0
9/4/26 1:00,1011.7,0,0,0
9/4/26 2:00,1011.9,0,0,0
9/4/26 3:00,1011.7,0,0,0
9/4/26 4:00,1011.9,0,0,0
9/4/26 5:00,1012.7,0,0,0
9/4/26 6:00,1013.3,0,0,0
9/4/26 7:00,1013.5,0,0,0
9/4/26 8:00,1013.7,0,0,0
9/4/26 9:00,1013.6,0,0,0
9/4/26 10:00,1012.9,0,0,0
9/4/26 11:00,1012.8,0,0,0
9/4/26 12:00,1012.5,0,0,0
9/4/26 13:00,1011.9,0,0,0
9/4/26 14:00,1011.8,0,0,0
9/4/26 15:00,1011.9,0,0,0
9/4/26 16:00,1012,0,0,0
9/4/26 17:00,1012.1,0,0,0
9/4/26 18:00,1012.3,0,0,0
9/4/26 19:00,1012.4,0,0,0
9/4/26 20:00,1012.5,0,0,0
9/4/26 21:00,1012.7,0,0,0
9/4/26 22:00,1012.7,0,0,0
9/4/26 23:00,1012.2,0,0,0
9/5/26 0:00,1011.4,0,0,0
9/5/26 1:00,1010.9,0,0,0
9/5/26 2:00,1010.9,0,0,0
9/5/26 3:00,1010.7,0,0,0
9/5/26 4:00,1011,0,0,0
9/5/26 5:00,1011.3,0,0,0
9/5/26 6:00,1011.8,0,0,0
9/5/26 7:00,1012.4,0,0,0
9/5/26 8:00,1012.7,0,0,0
9/5/26 9:00,1012.2,0,0,0
9/5/26 10:00,1011.9,0,0,0
9/5/26 11:00,1011.4,0,0,0
9/5/26 12:00,1011.1,0,0,0
9/5/26 13:00,1010.7,0,0,0
9/5/26 14:00,1010.4,0,0,0
9/5/26 15:00,1010.4,0,0,0
9/5/26 16:00,1010.3,0,0,0
9/5/26 17:00,1010.6,0,0,0
9/5/26 18:00,1011,0,0,0
9/5/26 19:00,1011.4,0,0,0
9/5/26 20:00,1011.6,0,0,0
9/5/26 21:00,1011.3,0,0,0
9/5/26 22:00,1010.9,0,0,0
9/5/26 23:00,1010.2,0,0,0
9/6/26 0:00,1009.9,0,0,0
9/6/26 1:00,1009.3,0,0,0
9/6/26 2:00,1009,0,0,0
9/6/26 3:00,1009,0,0,0
9/6/26 4:00,1009.4,0,0,0
9/6/26 5:00,1009.5,0,0,0
9/6/26 6:00,1010.1,0,0,0
9/6/26 7:00,1010.9,0,0,0
9/6/26 8:00,1011.3,0,0,0
9/6/26 9:00,1010.9,0,0,0
9/6/26 10:00,1010.5,0,0,0
9/6/26 11:00,1010,0,0,0
9/6/26 12:00,1009.5,0,0,0
9/6/26 13:00,1008.9,0,0,0
9/6/26 14:00,1008.8,0,0,0
9/6/26 15:00,1008.7,0,0,0
9/6/26 16:00,1009,0,0,0
9/6/26 17:00,1009,0,0,0
9/6/26 18:00,1009.8,0,0,0
9/6/26 19:00,1010.3,0,0,0
9/6/26 20:00,1010.3,0,0,0
9/6/26 21:00,1009.9,0,0,0
9/6/26 22:00,1009.5,0,0,0
9/6/26 23:00,1008.9,0,0,0
9/7/26 0:00,1008.3,0,0,0
9/7/26 1:00,1007.6,0,0,0
9/7/26 2:00,1007,0,0,0
9/7/26 3:00,1007.6,0,0,0
9/7/26 4:00,1008,0,0,0
9/7/26 5:00,1008.6,0,0,0
9/7/26 6:00,1009,0,0,0
9/7/26 7:00,1009.6,0,0,0
9/7/26 8:00,1009.5,0,0,0
9/7/26 9:00,1009.8,0,0,0
9/7/26 10:00,1009.3,0,0,0
9/7/26 11:00,1008.8,0,0,0
9/7/26 12:00,1008,0,0,0
9/7/26 13:00,1007,0,0,0
9/7/26 14:00,1006.7,0,0,0
9/7/26 15:00,1006.9,0,0,0
9/7/26 16:00,1007.4,0,0,0
9/7/26 17:00,1007.7,0,0,0
9/7/26 18:00,1007.8,0,0,0
9/7/26 19:00,1007.6,0,0,0
9/7/26 20:00,1008,0,0,0
9/7/26 21:00,1007.7,0,0,0
9/7/26 22:00,1006.7,0,0,0
9/7/26 23:00,1006.2,0,0,0
9/8/26 0:00,1005.2,0,0,0
9/8/26 1:00,1004.5,0,0,0
9/8/26 2:00,1004.4,0,0,0
9/8/26 3:00,1004.1,0,0,0
9/8/26 4:00,1004.4,0,0,0
9/8/26 5:00,1004.2,0,0,0
9/8/26 6:00,1005.1,0,0,0
9/8/26 7:00,1005.6,0,0,0
9/8/26 8:00,1006.2,0,0,0
9/8/26 9:00,1005.7,0,0,0
9/8/26 10:00,1006.1,0,0,0
9/8/26 11:00,1005.9,0,0,0
9/8/26 12:00,1005.7,0,0,0
9/8/26 13:00,1005.7,0,0,0
9/8/26 14:00,1005.5,0,0,0
9/8/26 15:00,1006.1,0,0,0
9/8/26 16:00,1007.1,0,0,0
9/8/26 17:00,1007.8,0,0,0
9/8/26 18:00,1008.4,0,0,0
9/8/26 19:00,1008.8,0,0,0
9/8/26 20:00,1009.2,0,0,0
9/8/26 21:00,1009.6,0,0,0
9/8/26 22:00,1009.6,0,0,0
9/8/26 23:00,1009.1,0,0,0
9/9/26 0:00,1008.8,0,0,0
9/9/26 1:00,1008.4,0,0,0
9/9/26 2:00,1008,0,0,0
9/9/26 3:00,1008.3,0,0,0
9/9/26 4:00,1008.7,0,0,0
9/9/26 5:00,1009.2,0,0,0
9/9/26 6:00,1010,0,0,0
9/9/26 7:00,1011,0,0,0
9/9/26 8:00,1011.4,0,0,0
9/9/26 9:00,1011.3,0,0,0
9/9/26 10:00,1011.3,0,0,0
9/9/26 11:00,1010.9,0,0,0
9/9/26 12:00,1010.6,0,0,0
9/9/26 13:00,1010.5,0,0,0
9/9/26 14:00,1010.5,0,0,0
9/9/26 15:00,1010.5,0,0,0
9/9/26 16:00,1010.9,0,0,0
9/9/26 17:00,1011.4,0,0,0
9/9/26 18:00,1011.9,0,0,0
9/9/26 19:00,1012,0,0,0
9/9/26 20:00,1012.1,0,0,0
9/9/26 21:00,1012.1,0,0,0
9/9/26 22:00,1011.9,0,0,0
9/9/26 23:00,1011.2,0,0,0
9/10/26 0:00,1010.7,0,0,0
9/10/26 1:00,1010.1,0,0,0
9/10/26 2:00,1009.9,0,0,0
9/10/26 3:00,1010,0,0,0
9/10/26 4:00,1010.2,0,0,0
9/10/26 5:00,1010.8,0,0,0
9/10/26 6:00,1011.4,0,0,0
9/10/26 7:00,1012.2,0,0,0
9/10/26 8:00,1012.5,0,0,0
9/10/26 9:00,1012.3,0,0,0
9/10/26 10:00,1012.1,0,0,0
9/10/26 11:00,1011.9,0,0,0
9/10/26 12:00,1011.5,0,0,0
9/10/26 13:00,1011.2,0,0,0
9/10/26 14:00,1010.9,0,0,0
9/10/26 15:00,1010.9,0,0,0
9/10/26 16:00,1011.3,0,0,0
9/10/26 17:00,1011.6,0,0,0
9/10/26 18:00,1012.1,0,0,0
9/10/26 19:00,1012.6,0,0,0
9/10/26 20:00,1012.8,0,0,0
9/10/26 21:00,1012.7,0,0,0
9/10/26 22:00,1012.3,0,0,0
9/10/26 23:00,1011.6,0,0,0
9/11/26 0:00,1011.3,0,0,0
9/11/26 1:00,1010.9,0,0,0
9/11/26 2:00,1010.7,0,0,0
9/11/26 3:00,1010.8,0,0,0
9/11/26 4:00,1011.2,0,0,0
9/11/26 5:00,1011.7,0,0,0
9/11/26 6:00,1012.4,0,0,0
9/11/26 7:00,1013,0,0,0
9/11/26 8:00,1013.5,0,0,0
9/11/26 9:00,1013.4,0,0,0
9/11/26 10:00,1013.3,0,0,0
9/11/26 11:00,1012.8,0,0,0
9/11/26 12:00,1012.2,0,0,0
9/11/26 13:00,1011.8,0,0,0
9/11/26 14:00,1011.3,0,0,0
9/11/26 15:00,1011.5,0,0,0
9/11/26 16:00,1011.9,0,0,0
9/11/26 17:00,1012.4,0,0,0
9/11/26 18:00,1012.5,0,0,0
9/11/26 19:00,1012.8,0,0,0
9/11/26 20:00,1012.9,0,0,0
9/11/26 21:00,1013.1,0,0,0
9/11/26 22:00,1013,0,0,0
9/11/26 23:00,1012.1,0,0,0
9/12/26 0:00,1011.5,0,0,0
9/12/26 1:00,1010.9,0,0,0
9/12/26 2:00,1010.6,0,0,0
9/12/26 3:00,1010.7,0,0,0
9/12/26 4:00,1011.2,0,0,0
9/12/26 5:00,1012.2,0,0,0
9/12/26 6:00,1012.9,0,0,0
9/12/26 7:00,1013.5,0,0,0
9/12/26 8:00,1013.8,0,0,0
9/12/26 9:00,1014,0,0,0
9/12/26 10:00,1013.8,0,0,0
9/12/26 11:00,1013.4,0,0,0
9/12/26 12:00,1012.8,0,0,0
9/12/26 13:00,1012.4,0,0,0
9/12/26 14:00,1012,0,0,0
9/12/26 15:00,1012,0,0,0
9/12/26 16:00,1012.3,0,0,0
9/12/26 17:00,1012.7,0,0,0
9/12/26 18:00,1013.3,0,0,0
9/12/26 19:00,1013.6,0,0,0
9/12/26 20:00,1013.4,0,0,0
9/12/26 21:00,1013.2,0,0,0
9/12/26 22:00,1012.9,0,0,0
9/12/26 23:00,1012.1,0,0,0
9/13/26 0:00,1011.6,0,0,0
9/13/26 1:00,1011.1,0,0,0
9/13/26 2:00,1011,0,0,0
9/13/26 3:00,1011.1,0,0,0
9/13/26 4:00,1011.6,0,0,0
9/13/26 5:00,1012,0,0,0
9/13/26 6:00,1012.9,0,0,0
9/13/26 7:00,1013.5,0,0,0
9/13/26 8:00,1014.1,0,0,0
9/13/26 9:00,1014.1,0,0,0
9/13/26 10:00,1013.8,0,0,0
9/13/26 11:00,1013.6,0,0,0
9/13/26 12:00,1013.2,0,0,0
9/13/26 13:00,1012.7,0,0,0
9/13/26 14:00,1012.4,0,0,0
9/13/26 15:00,1012.7,0,0,0
9/13/26 16:00,1013,0,0,0
9/13/26 17:00,1013.3,0,0,0
9/13/26 18:00,1013.9,0,0,0
9/13/26 19:00,1014.4,0,0,0
9/13/26 20:00,1014.4,0,0,0
9/13/26 21:00,1014.1,0,0,0
9/13/26 22:00,1013.7,0,0,0
9/13/26 23:00,1013.1,0,0,0
9/14/26 0:00,1012.4,0,0,0
9/14/26 1:00,1012,0,0,0
9/14/26 2:00,1011.9,0,0,0
9/14/26 3:00,1012,0,0,0
9/14/26 4:00,1012.5,0,0,0
9/14/26 5:00,1013.1,0,0,0
9/14/26 6:00,1013.6,0,0,0
9/14/26 7:00,1014.3,0,0,0
9/14/26 8:00,1014.5,0,0,0
9/14/26 9:00,1014.3,0,0,0
9/14/26 10:00,1014,0,0,0
9/14/26 11:00,1013.7,0,0,0
9/14/26 12:00,1013.1,0,0,0
9/14/26 13:00,1012.4,0,0,0
9/14/26 14:00,1012,0,0,0
9/14/26 15:00,1012.1,0,0,0
9/14/26 16:00,1012.2,0,0,0
9/14/26 17:00,1012.5,0,0,0
9/14/26 18:00,1013.1,0,0,0
9/14/26 19:00,1013.2,0,0,0
9/14/26 20:00,1013,0,0,0
9/14/26 21:00,1012.9,0,0,0
9/14/26 22:00,1012.5,0,0,0
9/14/26 23:00,1012,0,0,0
9/15/26 0:00,1011.7,0,0,0
9/15/26 1:00,1011.4,0,0,0
9/15/26 2:00,1011.3,0,0,0
9/15/26 3:00,1011.4,0,0,0
9/15/26 4:00,1011.6,0,0,0
9/15/26 5:00,1012.3,0,0,0
9/15/26 6:00,1013,0,0,0
9/15/26 7:00,1013.7,0,0,0
9/15/26 8:00,1014.1,0,0,0
9/15/26 9:00,1013.8,0,0,0
9/15/26 10:00,1013.5,0,0,0
9/15/26 11:00,1013,0,0,0
9/15/26 12:00,1012.6,0,0,0
9/15/26 13:00,1012,0,0,0
9/15/26 14:00,1011.6,0,0,0
9/15/26 15:00,1011.7,0,0,0
9/15/26 16:00,1012,0,0,0
9/15/26 17:00,1012.4,0,0,0
9/15/26 18:00,1012.9,0,0,0
9/15/26 19:00,1013,0,0,0
9/15/26 20:00,1012.9,0,0,0
9/15/26 21:00,1012.9,0,0,0
9/15/26 22:00,1012.5,0,0,0
9/15/26 23:00,1011.8,0,0,0
9/16/26 0:00,1011.5,0,0,0
9/16/26 1:00,1011,0,0,0
9/16/26 2:00,1011,0,0,0
9/16/26 3:00,1011.5,0,0,0
9/16/26 4:00,1012.1,0,0,0
9/16/26 5:00,1012.8,0,0,0
9/16/26 6:00,1013.4,0,0,0
9/16/26 7:00,1014.1,0,0,0
9/16/26 8:00,1014.8,0,0,0
9/16/26 9:00,1014.8,0,0,0
9/16/26 10:00,1014.7,0,0,0
9/16/26 11:00,1014.4,0,0,0
9/16/26 12:00,1014,0,0,0
9/16/26 13:00,1013.5,0,0,0
9/16/26 14:00,1013.7,0,0,0
9/16/26 15:00,1014,0,0,0
9/16/26 16:00,1014.5,0,0,0
9/16/26 17:00,1015,0,0,0
9/16/26 18:00,1015.3,0,0,0
9/16/26 19:00,1015.4,0,0,0
9/16/26 20:00,1015.5,0,0,0
9/16/26 21:00,1015.4,0,0,0
9/16/26 22:00,1014.9,0,0,0
9/16/26 23:00,1014.2,0,0,0
9/17/26 0:00,1013.5,0,0,0
9/17/26 1:00,1013.1,0,0,0
9/17/26 2:00,1012.9,0,0,0
9/17/26 3:00,1013.1,0,0,0
9/17/26 4:00,1013.5,0,0,0
9/17/26 5:00,1013.7,0,0,0
9/17/26 6:00,1014.4,0,0,0
9/17/26 7:00,1015,0,0,0
9/17/26 8:00,1015.2,0,0,0
9/17/26 9:00,1014.8,0,0,0
9/17/26 10:00,1014.6,0,0,0
9/17/26 11:00,1014.2,0,0,0
9/17/26 12:00,1013.5,0,0,0
9/17/26 13:00,1013.1,0,0,0
9/17/26 14:00,1013,0,0,0
9/17/26 15:00,1013.1,0,0,0
9/17/26 16:00,1013.5,0,0,0
9/17/26 17:00,1014,0,0,0
9/17/26 18:00,1014.3,0,0,0
9/17/26 19:00,1014.8,0,0,0
9/17/26 20:00,1015.3,0,0,0
9/17/26 21:00,1015.3,0,0,0
9/17/26 22:00,1015,0,0,0
9/17/26 23:00,1014.9,0,0,0
9/18/26 0:00,1014.1,0,0,0
9/18/26 1:00,1013.5,0,0,0
9/18/26 2:00,1013.3,0,0,0
9/18/26 3:00,1013.9,0,0,0
9/18/26 4:00,1014.2,0,0,0
9/18/26 5:00,1014.4,0,0,0
9/18/26 6:00,1015.2,0,0,0
9/18/26 7:00,1015.8,0,0,0
9/18/26 8:00,1015.8,0,0,0
9/18/26 9:00,1015.7,0,0,0
9/18/26 10:00,1015.5,0,0,0
9/18/26 11:00,1015.1,0,0,0
9/18/26 12:00,1014.5,0,0,0
9/18/26 13:00,1014.1,0,0,0
9/18/26 14:00,1013.8,0,0,0
9/18/26 15:00,1014.1,0,0,0
9/18/26 16:00,1014.8,0,0,0
9/18/26 17:00,,1,1,1
9/18/26 18:00,1015.4,0,0,0
9/18/26 19:00,1015.8,0,0,0
9/18/26 20:00,1015.9,0,0,0
9/18/26 21:00,1015.8,0,0,0
9/18/26 22:00,1015.5,0,0,0
9/18/26 23:00,1014.9,0,0,0
9/19/26 0:00,1014.4,0,0,0
9/19/26 1:00,1014.2,0,0,0
9/19/26 2:00,1014.1,0,0,0
9/19/26 3:00,1014.7,0,0,0
9/19/26 4:00,1015.6,0,0,0
9/19/26 5:00,1016.2,0,0,0
9/19/26 6:00,1016.8,0,0,0
9/19/26 7:00,1017.1,0,0,0
9/19/26 8:00,1017.3,0,0,0
9/19/26 9:00,1017.5,0,0,0
9/19/26 10:00,1016.9,0,0,0
9/19/26 11:00,1016.5,0,0,0
9/19/26 12:00,1015.9,0,0,0
9/19/26 13:00,1015.6,0,0,0
9/19/26 14:00,1015.4,0,0,0
9/19/26 15:00,1015.5,0,0,0
9/19/26 16:00,1015.8,0,0,0
9/19/26 17:00,1016.2,0,0,0
9/19/26 18:00,1016.6,0,0,0
9/19/26 19:00,1017.3,0,0,0
9/19/26 20:00,1017.5,0,0,0
9/19/26 21:00,1017.1,0,0,0
9/19/26 22:00,1016.8,0,0,0
9/19/26 23:00,1016.2,0,0,0