sensor_id,serial_number,lat,lon,"Deployment Depth MSL(m), approximate ",Orientation,Heading (KVH),Position Notes,Installation Method,Deployment Duration,Sample Rate,Clock Drift (seconds) over Deployment Duration***,Backed up to HNL Google Drive?,notes,
VA1,8190,21.29180457,-158.0509638,-10,Upward looking vector cabled to horizontal p sensor on weighted bracket. See vector folder for photos.,343.9,Handheld GPSMap67s,Installed from Sea Engineering Bob R,07/18-09/15,2Hz,,,,
VB1,9649,21.29415686,-158.0458943,-5.5,"""",,Handheld GPSMap67s,Installed from Sea Engineering Bob R,07/18-09/15,2Hz,,,loose head,
VD2,8195,21.29458333,-158.02755,-10,"""",,Handheld GPSMap67s,Installed from Sea Engineering Bob R,07/18-09/15,2Hz,,,,
VC1,12411,21.29732631,-158.0415423,-5,"""",341.8,Handheld GPSMap67s,Installed from Sea Engineering Bob R,07/18-09/15,2Hz,,,,
VC2,15241,21.29152562,-158.0403645,-10,"""",343,Handheld GPSMap67s,Installed from Sea Engineering Bob R,07/18-09/15,2Hz,,,,
VE2,15056,21.29800617,-158.0219864,-7,"""",,Handheld GPSMap67s,Installed from Sea Engineering Bob R,07/18-09/15,2Hz,,,loose head,
VD1,12596,21.29819325,-158.0286432,-5,"""",,Handheld GPSMap67s,Installed from Sea Engineering Bob R,07/18-09/15,2Hz,,,"warning: data re-read from instrument, read retries:2, CRC errors: 0",
VE3,15048,21.29443531,-158.0214599,-10,"""",343,Handheld GPSMap67s,Installed from Sea Engineering Bob R,07/18-09/15,2Hz,,,,
VE1,15254,21.30162539,-158.0227022,-4,"""",,Handheld GPSMap67s,Installed from Sea Engineering Bob R,07/18-09/15,2Hz,,,loose head,
ADCP,103043,21.29152562,-158.0403645,-10,"""",337,Handheld GPSMap67s,Installed from Sea Engineering Bob R,07/18-09/15,4Hz,-6,,,. 
PB1,123626,21.301555,-158.046319,,"horizontal, mounted on zinc weights",n/a,Handheld GPSMap67s,Installed via Boogie Board: Julia/Rob,07/28-09/16,2Hz,-2,,,
PB2,135605,21.300566,-158.045943,,"horizontal, mounted on zinc weights",n/a,Handheld GPSMap67s,Installed via Boogie Board: Julia/Rob,07/28-09/16,2Hz,-5,,had trouble connecting with bulkhead for clockdrift. Also had issues with programming. ,
PC1,135604,21.302061,-158.042453,,"horizontal, mounted on zinc weights",n/a,Handheld GPSMap67s,Installed via Boogie Board: Julia/Rob,07/28-09/16,2Hz,-3,,"buried in sand at recovery, approx 6"" deep",
PE1,124069,21.30418145,-158.0234313,,"horizontal, mounted on zinc weights",n/a,Handheld GPSMap67s,Installed via Surfboard: Julia/Jason/Jon,08/05-09/16,2Hz,-3,,"**name of sensor ~= deployment name, ISSUES with connection, maybe bad pins? bad cable? tried 4 times to get clock drift. ",
PD1,135603,21.30302507,-158.0297728,,"horizontal, mounted on lead weights",n/a,Handheld GPSMap67s,Installed via Surfboard: Julia/Jason/Jon,08/05-09/16,2Hz,-4,,**name of sensor ~= deployment name,
,,n/a,n/a,,,,,,,,-2,,,
,,,,,,,,,,,,,,
,,,,,,,,,,,,,,
,,,,,,,,,,,"** negative = sensor clock is slower than PC internet time, positive = faster than internet time",,,